alexandria, ghcr.io/ocicl/alexandria@sha256:e433c2e076ed3bcf8641b97b00192680db2201d305efac9293539dee88c7fbf7, alexandria-20240503-8514d8e/alexandria.asd
bobbin, ghcr.io/ocicl/bobbin@sha256:7368d88e9f1d8a94b9bddf5e1887e384ef738235570142dd1cfe98c90077cc13, bobbin-20240503-b454e82/bobbin.asd
cl-reexport, ghcr.io/ocicl/cl-reexport@sha256:c795feb3e3727a19e61797187eb31bac1e855b1332335d26752200a28e9b9da8, cl-reexport-20240503-03ad7a0/cl-reexport.asd
cl-reexport-test, ghcr.io/ocicl/cl-reexport@sha256:c795feb3e3727a19e61797187eb31bac1e855b1332335d26752200a28e9b9da8, cl-reexport-20240503-03ad7a0/cl-reexport-test.asd
clingon, ghcr.io/ocicl/clingon@sha256:519c73567f308b0eac75a4a4ba468a8b433184aa344eac2b79b8ab9f44b9db3c, clingon-20260429-94d4e2f/clingon.asd
clingon.demo, ghcr.io/ocicl/clingon@sha256:519c73567f308b0eac75a4a4ba468a8b433184aa344eac2b79b8ab9f44b9db3c, clingon-20260429-94d4e2f/clingon.demo.asd
clingon.intro, ghcr.io/ocicl/clingon@sha256:519c73567f308b0eac75a4a4ba468a8b433184aa344eac2b79b8ab9f44b9db3c, clingon-20260429-94d4e2f/clingon.intro.asd
clingon.test, ghcr.io/ocicl/clingon@sha256:519c73567f308b0eac75a4a4ba468a8b433184aa344eac2b79b8ab9f44b9db3c, clingon-20260429-94d4e2f/clingon.test.asd
fiveam, ghcr.io/ocicl/fiveam@sha256:e283043dc8d31e8df2b214465cf5a06ea07bdbea10e600a40e17aaf9518226ac, fiveam-20240928-e43d6c8/fiveam.asd
net.didierverna.asdf-flv, ghcr.io/ocicl/net.didierverna.asdf-flv@sha256:e5cd087d41cf24302a92d9bac426a925f8868b554be2414c0f012c961e3ddb8c, asdf-flv-20240503-3f1de41/net.didierverna.asdf-flv.asd
split-sequence, ghcr.io/ocicl/split-sequence@sha256:3a37662eedd99c42995587b9d443c4631f25c4c523091bcca31a27b880585b8e, split-sequence-2.0.1/split-sequence.asd
trivial-backtrace, ghcr.io/ocicl/trivial-backtrace@sha256:89a3138695bb767c50001402fad60dacfc1e867e4e3d3579cc6f636d3e29a51c, trivial-backtrace-20240503-7f90b4a/trivial-backtrace.asd
trivial-backtrace-test, ghcr.io/ocicl/trivial-backtrace@sha256:89a3138695bb767c50001402fad60dacfc1e867e4e3d3579cc6f636d3e29a51c, trivial-backtrace-20240503-7f90b4a/trivial-backtrace-test.asd
with-user-abort, ghcr.io/ocicl/with-user-abort@sha256:c19560034f9909a7afb4110b5efd939a9f1e829d9ef9887797b98679f290c480, with-user-abort-20240503-a3db02e/with-user-abort.asd
